Product Name,Product Price
Shop on eBay,$20.00
PS4 PS5 New Official Sony PlayStation 4/5 Replacement Game Cases Pick a Quantity,"$5.99 to $1,499.99"
BO3 | 10K Liquid Diviniums + 5K Cryptokeys + Cherry Fizz + GODMODE + *PS4/5*.,$9.69
Sony PS5 Playstation 5 Blu-Ray Disc Edition Console,$586.90
Sony PS5 Playstation 5 Digital Edition Console,$518.89
PS5 PlayStation 5 Sony CFI-1200A CFI-1200B Console NEW Ship fast,$584.90 to $648.90
Sony PS5 Digital Edition Console - White,$305.00
NEW PlayStation 5 PS5 Console Disc Version Banned from PSN network  AS IS *READ*,$385.00
PS3 Sony PlayStation 3 Console Used Various colors and Limited Edition,$129.99 to $309.99
NEW PS5 Playstation 5 God of War HOLIDAY Bundle Disc Console + 3 GAMES + BONUSES,$729.99
SONY PlayStation 3 PS3 Fat Console Bundle | Cords  Dualshock Controller  5 Games,$189.99
PlayStation 5 (PS5) Console - Disk Edition - White (CFI-1115A) Factory Sealed,$510.00
New Listing[ SEALED ] PlayStation 5 PS5 Console Import Japan NTSC-J,$785.05
New Listing[ SEALED ] PlayStation 5 PS5 Console Import Japan NTSC-J,$785.05
BO3 God Mode | Level 1000 + Dark Matter + UNLOCK ALL  (ALL SPECIALIST) *PS4/5*,$6.66
God Of War Ragnar√∂k - PS5 PlayStation 5 - Download Code Digital | Dealer *1h*,$44.46
"[PS4/PS5]  - Elden Item Drop - Runes, Armor, Weapons, Talisman, All In Game Ring",$6.00 to $40.00
New Listing[ SEALED ] PlayStation 5 PS5 Console Import Japan NTSC-J,$785.05
NEW PlayStation 5 4K UHD Disc Blu-Ray Gaming Console God of War Ragnarok Bundle,$629.99
New Listing[ SEALED ] PlayStation 5 PS5 Console Import Japan NTSC-J,$757.58
New Listingplaystation 5,$230.00
New Listing[ SEALED ] PlayStation 5 PS5 Console Import Japan NTSC-J,$733.71
New Listing[ SEALED ] PlayStation 5 PS5 Console Import Japan NTSC-J,$805.35
Sony PS5 Digital Edition Console + Horizon Forbidden West + Rainbow Six Siege,$467.96
PS5 Digital Edition Ragnarok Bundle,$440.00
Sony Playstation 5 PS5 Console (disc version) New Fast Shipping,$419.00
ps5 konsole disc edition,$541.92
"Sony Playstaion 5 Disc Edition, 2TB External Hard Drive and PS4/5 Games",$671.98
NEW PS5 Playstation 5 God of War MEGA Bundle Disc Console + 4 GAMES +ACCESSORIES,$705.74
Playstation 5 LED sticker / PS5 LED lightbar / Playstation LED sticker skin,$769.99
Sony PS5 Blu-Ray Edition Console - With 2 Games!!!,$4.33 to $10.85
Hogwarts Legacy Deluxe Edition - PlayStation 5 / PS5 (Pre Order) FREE SHIPPING,$600.00
"üö®$7.7 BILLION, MODDED FAST RUN,RANK,RP, OUTFITS,KD,LEVEL *PS5,XBOX SERIES X/S*",$199.99
Star Wars Jedi: Survivor Deluxe Edition | PS5 | VideoGame Pre Order,$49.99
Sony PlayStation 5  (White) - Playstation Network Banned,$48.43
(PS4/5 PC XBOX) Borderlands 3 LEVEL 1 GODMODE MODDED WEAPONS & GEAR,$263.00
PS5 PlayStation 5 Console | 24H SHIPPING | WARRANTY,$2.99 to $9.99
Sony PS5 Blu-Ray Edition Console - White - Returnal PS5,$672.08
"[Playstation 5] PS5 DualSense Wireless Controller ""God Of War : Ragnarok""",$641.68
[MW2 & WZ2] Modern Warfare 2 Boosting Bot Lobby Levels & Camo PS5/PS4/XBOX/PC,$102.88
üî• Jack Links Ghillie COD MW2 Skin [1 C0DE] Call of Duty Modern Warfare 2 üî•,$12.09
Sony PlayStation 5 PS5 DualSense Wireless Controller,$2.83
Ber Jah Lo Ohm Vex Ist Non-ladder Diablo 2 Resurrected D2R Runes SC PC/PS5/Xbox,$54.99
Ratchet & Clank: Rift Apart (PlayStation 5/PS5) Brand New,$0.99 to $2.80
Sony PS5 Blu-Ray Edition Console - White. With Controllers Included,$40.89
Sony DualSense PS5 Wireless Controller GOD Of WAR RAGNAROK ‚≠êTracking‚≠ê,$699.00
PS5 White Sony Media Remote for PlayStation 5,$102.89
God Of War - Ragnar√∂k - PS5  PlayStation 5  - Downloadcode Digital | H√§ndler,$17.98
Sony PlayStation PS Plus 1 Year 12-Month Membership Card USA/Canada PS3 PS4 PS5,$43.32
"üö®Shark Card No More ! 3 Billion Cash! FAST RUN! *PS5, XBOX ONE & X/S* GTA 5 V",$56.50
Neptunia Reverse - PS5 Sony PlayStation 5,$39.99
SONY PLAYSTATION 5 PS5 Console Disc  BRAND NEW/SEALED ‚úÖ SHIPS TODAY,$49.99
PS5 Bag Couple Backpack For Playstation 5 Outdoor Travel Laptop Trendy High Capa,$600.00
PS5 PlayStation 5 Console - Standard - 24H SHIPPING | WARRANTY,$27.54
Sony PlayStation 5 Digital¬†Edition Console. Does Not Power On.,$758.94
"Fifa 23 PS4/PS5/Xbox  (This is Not a Game, Read The Description)",$289.99
Sony PlayStation 5 CFI-1015A Console For Parts Or Repair - No Power PS5,$2.99
Sony PlayStation 5 Digital Console¬†vs-116332-6 LOCKED. Working Parts PLEASE READ,$299.99
playstation 5,$150.00
Call Of Duty: Modern Warfare 2 Bot Lobby PS5/PS4/XBOX/PC- Shipment 24/7 Playlist,$500.00
"New ListingPS5 Playstation 5 Box Only Disc Edition Insert Packaging, *EMPTY BOX* NO CONSOLE",$5.35
Dead Space [Remake][PS5] Platinum Trophy Service,$11.00
A Plague Tale: Innocence (PS5) Single  (Sony Playstation 5) ,$86.85
Solo Flawless Spire Of The Watcher | PS5/XBOX/PC,$32.59
PS5 DualSense Home Button HomeButton Painted PlayStation 5 Controller Home,$30.00
Sony PS5 Controller ‚ÄòPS‚Äô Gloss adhesive Vinyl Precision cut Decal Colour Logo,$6.40
Apex Legends Boosting Boost in 24H 20Kills + 4k Damage | PS4 | PS5 | XBOX | PC,$3.63
New ListingWWE 2K23 (PS5) PREORDER,$18.99 to $54.28
New ListingGod of War Ragnarok PS5 Sony PlayStation 5 Digital Code NEW UNUSED,$94.42
PS5 CENTER PROTECTION PANEL PROTECT Skin Decal Sticker Vinyl Wrap DIFFERENT COLORS,$43.95
Playstation PS4 PS5 3D Picture Frame Sticker Background Gaming Room Decoration,$10.85 to $14.10
Original PS5 Disc Drive Replacement for Sony PlayStation 5 CFI-1215A,$10.86
Solo Flawless Dungeon | PS5/XBOX/PC,$159.99
Grandmaster Nightfall | Platinum | Xbox Ps5 Pc,$25.00
Brand New Sony PS5 Blu-Ray Edition Console - White,$11.90
"Black Ops 3 | Liquid Diviniums [10,000 - 100,000] |  PS4/PS5 | BO3 Zombies",$551.06
